EY,HH,,hey,HH EY1,1457.0,1210.0,1457.0_and_1210.0.json,1
EH,DH,R,"there,",DH EH1 R,1457.0,1210.0,1457.0_and_1210.0.json,1
IH,,T,it,IH1 T,1457.0,1210.0,1457.0_and_1210.0.json,1
OW,G,IH0,going?,G OW1 IH0 NG,1457.0,1210.0,1457.0_and_1210.0.json,1
AA,N,T,not,N AA1 T,1457.0,1210.0,1457.0_and_1210.0.json,1
AE,B,D,"bad,",B AE1 D,1457.0,1210.0,1457.0_and_1210.0.json,1
AH,JH,S,just,JH AH1 S T,1457.0,1210.0,1457.0_and_1210.0.json,1
EH,G,T,getting,G EH1 T IH0 NG,1457.0,1210.0,1457.0_and_1210.0.json,1
EH,R,D,ready,R EH1 D IY0,1457.0,1210.0,1457.0_and_1210.0.json,1
AO,F,R,for,F AO1 R,1457.0,1210.0,1457.0_and_1210.0.json,1
AH,,N,another,AH0 N AH1 DH ER0,1457.0,1210.0,1457.0_and_1210.0.json,1
EH,M,S,semester.,S AH0 M EH1 S T ER0,1457.0,1210.0,1457.0_and_1210.0.json,1
AW,HH,,how,HH AW1,1457.0,1210.0,1457.0_and_1210.0.json,1
AW,B,T,about,AH0 B AW1 T,1457.0,1210.0,1457.0_and_1210.0.json,1
UW,Y,,you?,Y UW1,1457.0,1210.0,1457.0_and_1210.0.json,1
EY,S,M,same,S EY1 M,1457.0,1210.0,1457.0_and_1210.0.json,1
OW,,L,"old,",OW1 L D,1457.0,1210.0,1457.0_and_1210.0.json,1
EY,S,M,same,S EY1 M,1457.0,1210.0,1457.0_and_1210.0.json,1
OW,,L,old.,OW1 L D,1457.0,1210.0,1457.0_and_1210.0.json,1
IY,K,P,keeping,K IY1 P IH0 NG,1457.0,1210.0,1457.0_and_1210.0.json,1
EY,N,B,neighborhood,N EY1 B ER0 HH UH2 D,1457.0,1210.0,1457.0_and_1210.0.json,1
EY,S,F,"safe,",S EY1 F,1457.0,1210.0,1457.0_and_1210.0.json,1
AE,Y,,"yeah,",Y AE1,1457.0,1210.0,1457.0_and_1210.0.json,1
OW,N,T,noticed,N OW1 T IH0 S T,1457.0,1210.0,1457.0_and_1210.0.json,1
AO,,L,always,AO1 L W EY2 Z,1457.0,1210.0,1457.0_and_1210.0.json,1
AA,,N,on,AA1 N,1457.0,1210.0,1457.0_and_1210.0.json,1
UW,M,V,move.,M UW1 V,1457.0,1210.0,1457.0_and_1210.0.json,1
AH,M,S,must,M AH1 S T,1457.0,1210.0,1457.0_and_1210.0.json,1
IY,B,,be,B IY1,1457.0,1210.0,1457.0_and_1210.0.json,1
AH,T,F,tough,T AH1 F,1457.0,1210.0,1457.0_and_1210.0.json,1
AA,JH,B,job.,JH AA1 B,1457.0,1210.0,1457.0_and_1210.0.json,1
IH,,T,it,IH1 T,1457.0,1210.0,1457.0_and_1210.0.json,1
AE,HH,Z,has,HH AE1 Z,1457.0,1210.0,1457.0_and_1210.0.json,1
IH,,T,its,IH1 T S,1457.0,1210.0,1457.0_and_1210.0.json,1
OW,M,M,"moments,",M OW1 M AH0 N T S,1457.0,1210.0,1457.0_and_1210.0.json,1
EH,P,SH,especially,AH0 S P EH1 SH L IY0,1457.0,1210.0,1457.0_and_1210.0.json,1
AW,ER0,N,around,ER0 AW1 N D,1457.0,1210.0,1457.0_and_1210.0.json,1
AA,HH,L,holidays.,HH AA1 L AH0 D EY2 Z,1457.0,1210.0,1457.0_and_1210.0.json,1
AH,B,T,but,B AH1 T,1457.0,1210.0,1457.0_and_1210.0.json,1
AY,,,i,AY1,1457.0,1210.0,1457.0_and_1210.0.json,1
AE,K,N,can't,K AE1 N T,1457.0,1210.0,1457.0_and_1210.0.json,1
EY,L,N,"complain,",K AH0 M P L EY1 N,1457.0,1210.0,1457.0_and_1210.0.json,1
IH,,T,it's,IH1 T S,1457.0,1210.0,1457.0_and_1210.0.json,1
AE,S,T,satisfying,S AE1 T IH0 S F AY2 IH0 NG,1457.0,1210.0,1457.0_and_1210.0.json,1
UW,T,,to,T UW1,1457.0,1210.0,1457.0_and_1210.0.json,1
OW,N,,know,N OW1,1457.0,1210.0,1457.0_and_1210.0.json,1
IH,,M,i'm,IH1 M,1457.0,1210.0,1457.0_and_1210.0.json,1
UW,D,IH0,doing,D UW1 IH0 NG,1457.0,1210.0,1457.0_and_1210.0.json,1
AH,S,M,something,S AH1 M TH IH0 NG,1457.0,1210.0,1457.0_and_1210.0.json,1
UW,Y,S,useful.,Y UW1 S F AH0 L,1457.0,1210.0,1457.0_and_1210.0.json,1
AY,,,i,AY1,1457.0,1210.0,1457.0_and_1210.0.json,1
AE,K,N,can,K AE1 N,1457.0,1210.0,1457.0_and_1210.0.json,1
IH,,M,imagine.,IH2 M AE1 JH AH0 N,1457.0,1210.0,1457.0_and_1210.0.json,2
IH,,T,it's,IH1 T S,1457.0,1210.0,1457.0_and_1210.0.json,1
IH,B,T,bit,B IH1 T,1457.0,1210.0,1457.0_and_1210.0.json,1
AH,T,D,"studying,",S T AH1 D IY0 IH0 NG,1457.0,1210.0,1457.0_and_1210.0.json,1
AY,,,i,AY1,1457.0,1210.0,1457.0_and_1210.0.json,1
EH,G,S,guess.,G EH1 S,1457.0,1210.0,1457.0_and_1210.0.json,1
IH,,T,it's,IH1 T S,1457.0,1210.0,1457.0_and_1210.0.json,1
AA,HH,R,hard,HH AA1 R D,1457.0,1210.0,1457.0_and_1210.0.json,1
AY,T,M,"sometimes,",S AH0 M T AY1 M Z,1457.0,1210.0,1457.0_and_1210.0.json,1
AH,B,T,but,B AH1 T,1457.0,1210.0,1457.0_and_1210.0.json,1
IH,,T,it,IH1 T,1457.0,1210.0,1457.0_and_1210.0.json,1
IY,F,L,feels,F IY1 L Z,1457.0,1210.0,1457.0_and_1210.0.json,1
UH,G,D,good,G UH1 D,1457.0,1210.0,1457.0_and_1210.0.json,1
UW,T,,to,T UW1,1457.0,1210.0,1457.0_and_1210.0.json,1
OW,N,,know,N OW1,1457.0,1210.0,1457.0_and_1210.0.json,1
IH,,M,i'm,IH1 M,1457.0,1210.0,1457.0_and_1210.0.json,1
AO,W,R,towards,T AH0 W AO1 R D Z,1457.0,1210.0,1457.0_and_1210.0.json,1
AH,S,M,something.,S AH1 M TH IH0 NG,1457.0,1210.0,1457.0_and_1210.0.json,1
AE,Z,K,"exactly,",IH0 G Z AE1 K T L IY0,1457.0,1210.0,1457.0_and_1210.0.json,1
IH,,T,it's,IH1 T S,1457.0,1210.0,1457.0_and_1210.0.json,1
AO,,L,all,AO1 L,1457.0,1210.0,1457.0_and_1210.0.json,1
AW,B,T,about,AH0 B AW1 T,1457.0,1210.0,1457.0_and_1210.0.json,1
EY,M,K,making,M EY1 K IH0 NG,1457.0,1210.0,1457.0_and_1210.0.json,1
IH,D,F,difference,D IH1 F ER0 AH0 N S,1457.0,1210.0,1457.0_and_1210.0.json,1
AH,S,M,some,S AH1 M,1457.0,1210.0,1457.0_and_1210.0.json,1
EY,W,,way.,W EY1,1457.0,1210.0,1457.0_and_1210.0.json,1
AH,W,T,what,W AH1 T,1457.0,1210.0,1457.0_and_1210.0.json,1
AA,,R,are,AA1 R,1457.0,1210.0,1457.0_and_1210.0.json,1
UW,Y,,you,Y UW1,1457.0,1210.0,1457.0_and_1210.0.json,1
AH,T,D,"studying,",S T AH1 D IY0 IH0 NG,1457.0,1210.0,1457.0_and_1210.0.json,1
AY,B,,by,B AY1,1457.0,1210.0,1457.0_and_1210.0.json,1
EY,W,,way?,W EY1,1457.0,1210.0,1457.0_and_1210.0.json,1
IH,,M,i'm,IH1 M,1457.0,1210.0,1457.0_and_1210.0.json,1
AH,T,D,studying,S T AH1 D IY0 IH0 NG,1457.0,1210.0,1457.0_and_1210.0.json,1
UW,Y,T,computer,K AH0 M P Y UW1 T ER0,1457.0,1210.0,1457.0_and_1210.0.json,1
AY,S,AH0,science.,S AY1 AH0 N S,1457.0,1210.0,1457.0_and_1210.0.json,1
IH,,T,it's,IH1 T S,1457.0,1210.0,1457.0_and_1210.0.json,1
AA,L,T,lot,L AA1 T,1457.0,1210.0,1457.0_and_1210.0.json,1
AH,,V,of,AH1 V,1457.0,1210.0,1457.0_and_1210.0.json,1
AH,B,T,but,B AH1 T,1457.0,1210.0,1457.0_and_1210.0.json,1
AY,,,i,AY1,1457.0,1210.0,1457.0_and_1210.0.json,1
IH,,T,it.,IH1 T,1457.0,1210.0,1457.0_and_1210.0.json,1
UW,K,L,cool.,K UW1 L,1457.0,1210.0,1457.0_and_1210.0.json,1
OW,S,,so,S OW1,1457.0,1210.0,1457.0_and_1210.0.json,1
AY,G,,guy,G AY1,1457.0,1210.0,1457.0_and_1210.0.json,1
UW,T,,to,T UW1,1457.0,1210.0,1457.0_and_1210.0.json,1
AO,K,L,call,K AO1 L,1457.0,1210.0,1457.0_and_1210.0.json,1
IH,,F,if,IH1 F,1457.0,1210.0,1457.0_and_1210.0.json,1
AY,,,i,AY1,1457.0,1210.0,1457.0_and_1210.0.json,1
AE,K,N,can't,K AE1 N T,1457.0,1210.0,1457.0_and_1210.0.json,1
EH,G,T,get,G EH1 T,1457.0,1210.0,1457.0_and_1210.0.json,1
AY,M,,my,M AY1,1457.0,1210.0,1457.0_and_1210.0.json,1
UW,Y,T,computer,K AH0 M P Y UW1 T ER0,1457.0,1210.0,1457.0_and_1210.0.json,1
UW,T,,to,T UW1,1457.0,1210.0,1457.0_and_1210.0.json,1
EY,HH,V,behave?,B IH0 HH EY1 V,1457.0,1210.0,1457.0_and_1210.0.json,1
AA,HH,,"ha,",HH AA1,1457.0,1210.0,1457.0_and_1210.0.json,1
AY,,,i,AY1,1457.0,1210.0,1457.0_and_1210.0.json,1
OW,P,Z,suppose,S AH0 P OW1 Z,1457.0,1210.0,1457.0_and_1210.0.json,1
OW,S,,so.,S OW1,1457.0,1210.0,1457.0_and_1210.0.json,1
AH,B,T,but,B AH1 T,1457.0,1210.0,1457.0_and_1210.0.json,1
EH,M,M,"remember,",R IH0 M EH1 M B ER0,1457.0,1210.0,1457.0_and_1210.0.json,1
IH,,M,i'm,IH1 M,1457.0,1210.0,1457.0_and_1210.0.json,1
IH,T,L,still,S T IH1 L,1457.0,1210.0,1457.0_and_1210.0.json,1
AH,W,T,what,W AH1 T,1457.0,1210.0,1457.0_and_1210.0.json,1
AW,B,T,about,AH0 B AW1 T,1457.0,1210.0,1457.0_and_1210.0.json,1
UW,Y,,you?,Y UW1,1457.0,1210.0,1457.0_and_1210.0.json,1
EH,,V,ever,EH1 V ER0,1457.0,1210.0,1457.0_and_1210.0.json,1
AO,TH,T,thought,TH AO1 T,1457.0,1210.0,1457.0_and_1210.0.json,1
AW,B,T,about,AH0 B AW1 T,1457.0,1210.0,1457.0_and_1210.0.json,1
UW,D,IH0,doing,D UW1 IH0 NG,1457.0,1210.0,1457.0_and_1210.0.json,1
AH,S,M,something,S AH1 M TH IH0 NG,1457.0,1210.0,1457.0_and_1210.0.json,1
IH,D,F,different?,D IH1 F ER0 AH0 N T,1457.0,1210.0,1457.0_and_1210.0.json,1
EH,W,L,"well,",W EH1 L,1457.0,1210.0,1457.0_and_1210.0.json,1
IH,B,N,been,B IH1 N,1457.0,1210.0,1457.0_and_1210.0.json,1
UW,D,IH0,doing,D UW1 IH0 NG,1457.0,1210.0,1457.0_and_1210.0.json,1
IH,DH,S,this,DH IH1 S,1457.0,1210.0,1457.0_and_1210.0.json,1
AO,F,R,for,F AO1 R,1457.0,1210.0,1457.0_and_1210.0.json,1
AY,W,L,while,W AY1 L,1457.0,1210.0,1457.0_and_1210.0.json,1
AW,N,,now,N AW1,1457.0,1210.0,1457.0_and_1210.0.json,1
AY,,,i,AY1,1457.0,1210.0,1457.0_and_1210.0.json,1
IH,,T,it.,IH1 T,1457.0,1210.0,1457.0_and_1210.0.json,1
AH,B,T,but,B AH1 T,1457.0,1210.0,1457.0_and_1210.0.json,1
AE,Y,,"yeah,",Y AE1,1457.0,1210.0,1457.0_and_1210.0.json,1
AY,T,M,sometimes,S AH0 M T AY1 M Z,1457.0,1210.0,1457.0_and_1210.0.json,1
AY,,,i,AY1,1457.0,1210.0,1457.0_and_1210.0.json,1
IH,TH,NG,think,TH IH1 NG K,1457.0,1210.0,1457.0_and_1210.0.json,1
AW,B,T,about,AH0 B AW1 T,1457.0,1210.0,1457.0_and_1210.0.json,1
EY,M,B,maybe,M EY1 B IY0,1457.0,1210.0,1457.0_and_1210.0.json,1
OW,,P,opening,OW1 P AH0 N IH0 NG,1457.0,1210.0,1457.0_and_1210.0.json,1
AO,M,L,small,S M AO1 L,1457.0,1210.0,1457.0_and_1210.0.json,1
IH,B,Z,business.,B IH1 Z N AH0 S,1457.0,1210.0,1457.0_and_1210.0.json,1
IH,R,L,really?,R IH1 L IY0,1457.0,1210.0,1457.0_and_1210.0.json,1
AE,DH,T,that,DH AE1 T,1457.0,1210.0,1457.0_and_1210.0.json,1
AW,S,N,sounds,S AW1 N D Z,1457.0,1210.0,1457.0_and_1210.0.json,1
IH,,N,interesting.,IH1 N T AH0 R EH2 S T IH0 NG,1457.0,1210.0,1457.0_and_1210.0.json,1
AH,W,T,what,W AH1 T,1457.0,1210.0,1457.0_and_1210.0.json,1
AY,K,N,kind,K AY1 N D,1457.0,1210.0,1457.0_and_1210.0.json,1
AH,,V,of,AH1 V,1457.0,1210.0,1457.0_and_1210.0.json,1
IH,B,Z,business?,B IH1 Z N AH0 S,1457.0,1210.0,1457.0_and_1210.0.json,1
AO,,L,always,AO1 L W EY2 Z,1457.0,1210.0,1457.0_and_1210.0.json,1
IH,B,N,been,B IH1 N,1457.0,1210.0,1457.0_and_1210.0.json,1
AE,F,S,fascinated,F AE1 S AH0 N EY2 T AH0 D,1457.0,1210.0,1457.0_and_1210.0.json,1
AY,B,,by,B AY1,1457.0,1210.0,1457.0_and_1210.0.json,1
IY,T,K,antiques.,AE0 N T IY1 K S,1457.0,1210.0,1457.0_and_1210.0.json,1
EY,M,B,maybe,M EY1 B IY0,1457.0,1210.0,1457.0_and_1210.0.json,1
AE,,N,an,AE1 N,1457.0,1210.0,1457.0_and_1210.0.json,1
IY,T,K,antique,AE0 N T IY1 K,1457.0,1210.0,1457.0_and_1210.0.json,1
AA,SH,P,"shop,",SH AA1 P,1457.0,1210.0,1457.0_and_1210.0.json,1
EH,SH,R,sharing,SH EH1 R IH0 NG,1457.0,1210.0,1457.0_and_1210.0.json,1
IY,P,S,pieces,P IY1 S AH0 Z,1457.0,1210.0,1457.0_and_1210.0.json,1
AH,,V,of,AH1 V,1457.0,1210.0,1457.0_and_1210.0.json,1
IH,HH,S,history,HH IH1 S T ER0 IY0,1457.0,1210.0,1457.0_and_1210.0.json,1
IH,W,DH,with,W IH1 DH,1457.0,1210.0,1457.0_and_1210.0.json,1
IY,P,P,people.,P IY1 P AH0 L,1457.0,1210.0,1457.0_and_1210.0.json,1
AE,DH,T,that,DH AE1 T,1457.0,1210.0,1457.0_and_1210.0.json,1
AW,S,N,sounds,S AW1 N D Z,1457.0,1210.0,1457.0_and_1210.0.json,1
EY,M,Z,amazing.,AH0 M EY1 Z IH0 NG,1457.0,1210.0,1457.0_and_1210.0.json,1
AO,,L,always,AO1 L W EY2 Z,1457.0,1210.0,1457.0_and_1210.0.json,1
AY,L,K,liked,L AY1 K T,1457.0,1210.0,1457.0_and_1210.0.json,1
IY,D,AH0,idea,AY0 D IY1 AH0,1457.0,1210.0,1457.0_and_1210.0.json,1
AH,,V,of,AH1 V,1457.0,1210.0,1457.0_and_1210.0.json,1
OW,,N,owning,OW1 N IH0 NG,1457.0,1210.0,1457.0_and_1210.0.json,1
AH,S,M,something,S AH1 M TH IH0 NG,1457.0,1210.0,1457.0_and_1210.0.json,1
IH,W,DH,with,W IH1 DH,1457.0,1210.0,1457.0_and_1210.0.json,1
AO,T,R,story,S T AO1 R IY0,1457.0,1210.0,1457.0_and_1210.0.json,1
AY,HH,N,behind,B IH0 HH AY1 N D,1457.0,1210.0,1457.0_and_1210.0.json,1
IH,,T,it.,IH1 T,1457.0,1210.0,1457.0_and_1210.0.json,1
AE,Z,K,"exactly,",IH0 G Z AE1 K T L IY0,1457.0,1210.0,1457.0_and_1210.0.json,1
AH,S,M,something,S AH1 M TH IH0 NG,1457.0,1210.0,1457.0_and_1210.0.json,1
EH,P,SH,special,S P EH1 SH AH0 L,1457.0,1210.0,1457.0_and_1210.0.json,1
AW,B,T,about,AH0 B AW1 T,1457.0,1210.0,1457.0_and_1210.0.json,1
IH,,T,it.,IH1 T,1457.0,1210.0,1457.0_and_1210.0.json,1
AH,B,T,but,B AH1 T,1457.0,1210.0,1457.0_and_1210.0.json,1
AO,F,R,for,F AO1 R,1457.0,1210.0,1457.0_and_1210.0.json,1
AW,N,,"now,",N AW1,1457.0,1210.0,1457.0_and_1210.0.json,1
IH,,L,i'll,IH1 L,1457.0,1210.0,1457.0_and_1210.0.json,1
IH,T,K,stick,S T IH1 K,1457.0,1210.0,1457.0_and_1210.0.json,1
UW,T,,to,T UW1,1457.0,1210.0,1457.0_and_1210.0.json,1
UH,Y,R,security.,S IH0 K Y UH1 R AH0 T IY0,1457.0,1210.0,1457.0_and_1210.0.json,1
IY,K,P,keeps,K IY1 P S,1457.0,1210.0,1457.0_and_1210.0.json,1
IY,M,,me,M IY1,1457.0,1210.0,1457.0_and_1210.0.json,1
AA,,N,on,AA1 N,1457.0,1210.0,1457.0_and_1210.0.json,1
AY,M,,my,M AY1,1457.0,1210.0,1457.0_and_1210.0.json,1
OW,T,Z,toes.,T OW1 Z,1457.0,1210.0,1457.0_and_1210.0.json,1
AY,,,i,AY1,1457.0,1210.0,1457.0_and_1210.0.json,1
AE,K,N,can,K AE1 N,1457.0,1210.0,1457.0_and_1210.0.json,1
AH,,N,understand,AH2 N D ER0 S T AE1 N D,1457.0,1210.0,1457.0_and_1210.0.json,2
AE,DH,T,that.,DH AE1 T,1457.0,1210.0,1457.0_and_1210.0.json,1
EH,W,L,"well,",W EH1 L,1457.0,1210.0,1457.0_and_1210.0.json,1
AY,,,i,AY1,1457.0,1210.0,1457.0_and_1210.0.json,1
UH,SH,D,should,SH UH1 D,1457.0,1210.0,1457.0_and_1210.0.json,1
EH,G,T,get,G EH1 T,1457.0,1210.0,1457.0_and_1210.0.json,1
AE,B,K,back,B AE1 K,1457.0,1210.0,1457.0_and_1210.0.json,1
UW,T,,to,T UW1,1457.0,1210.0,1457.0_and_1210.0.json,1
AY,M,,my,M AY1,1457.0,1210.0,1457.0_and_1210.0.json,1
AH,T,D,studies.,S T AH1 D IY0 Z,1457.0,1210.0,1457.0_and_1210.0.json,1
IH,,T,it,IH1 T,1457.0,1210.0,1457.0_and_1210.0.json,1
AA,W,Z,was,W AA1 Z,1457.0,1210.0,1457.0_and_1210.0.json,1
AY,N,S,nice,N AY1 S,1457.0,1210.0,1457.0_and_1210.0.json,1
AO,T,K,talking,T AO1 K IH0 NG,1457.0,1210.0,1457.0_and_1210.0.json,1
UW,T,,to,T UW1,1457.0,1210.0,1457.0_and_1210.0.json,1
UW,Y,,you.,Y UW1,1457.0,1210.0,1457.0_and_1210.0.json,1
AY,L,K,likewise.,L AY1 K W AY2 Z,1457.0,1210.0,1457.0_and_1210.0.json,1
UH,G,D,good,G UH1 D,1457.0,1210.0,1457.0_and_1210.0.json,1
AH,L,K,luck,L AH1 K,1457.0,1210.0,1457.0_and_1210.0.json,1
IH,W,DH,with,W IH1 DH,1457.0,1210.0,1457.0_and_1210.0.json,1
AO,Y,R,your,Y AO1 R,1457.0,1210.0,1457.0_and_1210.0.json,1
AH,T,D,"studies,",S T AH1 D IY0 Z,1457.0,1210.0,1457.0_and_1210.0.json,1
EH,M,M,"remember,",R IH0 M EH1 M B ER0,1457.0,1210.0,1457.0_and_1210.0.json,1
IH,,F,if,IH1 F,1457.0,1210.0,1457.0_and_1210.0.json,1
UW,Y,,you,Y UW1,1457.0,1210.0,1457.0_and_1210.0.json,1
IY,N,D,need,N IY1 D,1457.0,1210.0,1457.0_and_1210.0.json,1
EY,R,K,"break,",B R EY1 K,1457.0,1210.0,1457.0_and_1210.0.json,1
EH,W,L,welcome,W EH1 L K AH0 M,1457.0,1210.0,1457.0_and_1210.0.json,1
UW,T,,to,T UW1,1457.0,1210.0,1457.0_and_1210.0.json,1
AH,K,M,come,K AH1 M,1457.0,1210.0,1457.0_and_1210.0.json,1
OW,,V,over,OW1 V ER0,1457.0,1210.0,1457.0_and_1210.0.json,1
AE,CH,T,chat,CH AE1 T,1457.0,1210.0,1457.0_and_1210.0.json,1
AW,B,T,about,AH0 B AW1 T,1457.0,1210.0,1457.0_and_1210.0.json,1
IY,T,K,antiques.,AE0 N T IY1 K S,1457.0,1210.0,1457.0_and_1210.0.json,1
IH,,L,i'll,IH1 L,1457.0,1210.0,1457.0_and_1210.0.json,1
IY,K,P,keep,K IY1 P,1457.0,1210.0,1457.0_and_1210.0.json,1
AE,DH,T,that,DH AE1 T,1457.0,1210.0,1457.0_and_1210.0.json,1
AY,M,N,mind.,M AY1 N D,1457.0,1210.0,1457.0_and_1210.0.json,1
AE,TH,NG,"thanks,",TH AE1 NG K S,1457.0,1210.0,1457.0_and_1210.0.json,1
EY,T,,stay,S T EY1,1457.0,1210.0,1457.0_and_1210.0.json,1
EY,S,F,safe,S EY1 F,1457.0,1210.0,1457.0_and_1210.0.json,1
AW,,T,out,AW1 T,1457.0,1210.0,1457.0_and_1210.0.json,1
EH,DH,R,there.,DH EH1 R,1457.0,1210.0,1457.0_and_1210.0.json,1
IH,W,L,will,W IH1 L,1457.0,1210.0,1457.0_and_1210.0.json,1
UW,D,,do.,D UW1,1457.0,1210.0,1457.0_and_1210.0.json,1
EY,T,K,take,T EY1 K,1457.0,1210.0,1457.0_and_1210.0.json,1
EH,K,R,"care,",K EH1 R,1457.0,1210.0,1457.0_and_1210.0.json,1
EY,N,B,neighbor.,N EY1 B ER0,1457.0,1210.0,1457.0_and_1210.0.json,1